{
  "documents": [],
  "tables_parsed": [],
  "tables_source_info": [],
  "images": [],
  "summary": {
    "total_files": 1,
    "by_category": {
      "documents": 0,
      "tables_parsed": 0,
      "tables_source_info": 0,
      "images": 0,
      "document": 1
    },
    "processing_time": null
  },
  "document": [
    {
      "original_name": "Portifólio Trabalho - Ana Reis - 2025 (1)",
      "file_name": "Portifólio Trabalho - Ana Reis - 2025 (1).md",
      "file_path": "/workspace/ana_reis_portfolio/uploaded_files/documents/Portifólio Trabalho - Ana Reis - 2025 (1).md",
      "file_type": "pdf",
      "category": "document",
      "summary": "Processed Portifólio Trabalho - Ana Reis - 2025 (1) for coding",
      "source_id": "1997736362407432192"
    }
  ]
}