page,title,description,keywords,og_title,og_description
home,"Ana Reis - Comunicação, Design e Publicidade | Portfólio Profissional","Ana Reis - Especialista em comunicação, design e publicidade. Fundadora do Blog da Ana Reis e FM Canaã. Assessoria de imprensa, produção de conteúdo e marketing digital no Pará.","Ana Reis, comunicação, design, publicidade, marketing digital, assessoria de imprensa, Canaã dos Carajás, Pará, blog, rádio, jornalismo","Ana Reis - Comunicação, Design e Publicidade","Especialista em comunicação, design e publicidade. Fundadora do Blog da Ana Reis e FM Canaã. Conectando marcas através de comunicação humanizada."
sobre,"Sobre Ana Reis - Trajetória Profissional | Comunicadora e Especialista em Marketing","Conheça a trajetória de Ana Reis: comunicadora, CEO do Blog da Ana Reis, especialista em marketing digital com MBA em Publicidade e Propaganda. Experiência desde 2018.","Ana Reis biografia, trajetória profissional, CEO Blog da Ana Reis, MBA publicidade, comunicadora, marketing digital, experiência profissional","Sobre Ana Reis - Comunicadora e Especialista","Conheça a trajetória profissional de Ana Reis, comunicadora e especialista em marketing com vasta experiência em conteúdo e assessoria de imprensa."
servicos,"Serviços de Comunicação e Design | Ana Reis - Assessoria, Conteúdo e Marketing","Serviços especializados: Assessoria de Imprensa, Produção de Conteúdo, Design Gráfico, Gestão de Mídias Sociais, Vídeos/Podcasts e Marketing Digital.","serviços comunicação, assessoria imprensa, produção conteúdo, design gráfico, mídias sociais, marketing digital, vídeos podcasts, Ana Reis","Serviços de Comunicação e Design - Ana Reis","Soluções completas em comunicação: assessoria de imprensa, produção de conteúdo, design gráfico e marketing digital."
portfolio,"Portfólio Ana Reis - Trabalhos em Jornalismo, Eventos e Design | Projetos Recentes","Conheça os trabalhos recentes de Ana Reis: cobertura jornalística, organização de eventos, design gráfico e projetos de comunicação no Pará.","portfólio Ana Reis, trabalhos jornalismo, cobertura eventos, design gráfico, projetos comunicação, Roda de Conversa VHPCD, Canaã dos Carajás","Portfólio Ana Reis - Projetos e Trabalhos","Trabalhos recentes em jornalismo, eventos e design. Projetos de impacto social e comunicação eficiente no Pará."
metricas,"Alcance e Presença Digital | Ana Reis - 380K Visualizações e Público Qualificado","Números comprovados: 380K visualizações mensais no Instagram, 75% público feminino qualificado, presença em 4 cidades do Pará. Portal e Web Rádio ativos.","alcance digital Ana Reis, 380K visualizações Instagram, público feminino, Sudeste Pará, Blog da Ana Reis, FM Canaã, métricas comunicação","Alcance Digital Comprovado - Ana Reis","380K visualizações mensais, público qualificado e presença multiplataforma no Sudeste do Pará."
contato,"Contato Ana Reis - Solicite sua Proposta | Comunicação e Marketing Digital","Entre em contato com Ana Reis para serviços de comunicação, design e publicidade. Telefone: (94) 9 9191-5135 | Email: blogdaanareis@gmail.com","contato Ana Reis, orçamento comunicação, proposta marketing digital, telefone Ana Reis, email blogdaanareis, Canaã dos Carajás contato","Contato Ana Reis - Solicite sua Proposta","Entre em contato para serviços de comunicação, design e publicidade. Atendimento personalizado e soluções eficientes."